"min_fit","min_se_fit","max_fit","max_se_fit","change","percent_change","calc_threshold","calc_threshold2"
182.433017317662,4.49239806485113,230.916341539037,3.67054772486914,48.4833242213752,26.5759591844899,9.75,10.25
157.804558320147,4.85969106201933,211.136214963659,3.93688281429634,53.3316566435126,33.7960178154777,10.75,11.25
133.176099322631,5.25479822261544,191.356088388281,4.23702111016104,58.1799890656502,43.6865093373128,11.75,12.25
108.547640325116,5.67190988992894,171.575961812904,4.56429900246331,63.0283214877877,58.0651235706356,12.75,13.25
83.9191813276006,6.10651861009893,151.795835237526,4.91329612188333,67.8766539099252,80.883360438123,13.75,14.25
59.2907223300852,6.55514512184398,132.015708662148,5.27970719644833,72.7249863320627,122.658290326075,14.75,15.25
